<?xml version="1.0" encoding="UTF-8"?>
<!DOCTYPE beans PUBLIC "-//SPRING//DTD BEAN//EN" "http://www.springframework.org/dtd/spring-beans.dtd">
<beans>

	<bean id="tvgids" class="org.anuta.xmltv.grabber.tvgidsnl.TVGIDSNLGrabber">
		<property name="tvgidsurl" value="http://www.tvgids.nl" />
		<property name="noData" value="Over dit programma zijn geen detailgegevens bekend." />
		<property name="ganreMapping">
			<map>
			   <entry key="amusement" value="Talk"/>
               <entry key="animatie" value="Animated"/>
               <entry key="comedy" value="Comedy"/>
               <entry key="documentaire" value="Documentary"/>
               <entry key="educatief" value="Educational"/>
               <entry key="erotiek" value="Adult"/>
               <entry key="film" value="Movies"/>
               <entry key="muziek" value="Art/Music"/>
               <entry key="informatief" value="Educational"/>
               <entry key="jeugd" value="Children"/>
               <entry key="kunst/cultuur" value="Arts/Culture"/>
               <entry key="misdaad" value="Crime/Mystery"/>
               <entry key="muziek" value="Music"/>
               <entry key="natuur" value="Science/Nature"/>
               <entry key="nieuws/actualiteiten" value="News"/>
               <entry key="overige" value="Unknown"/>
               <entry key="religieus" value="Religion"/>
               <entry key="serie/soap" value="Drama"/>
               <entry key="sport" value="Sports"/>
               <entry key="theater" value="Arts/Culture"/>
               <entry key="wetenschap" value="Science/Nature"/>
               <entry key="" value="Unknown"/>
			</map>
		</property>
		<property name="roleMapping">
			<map>
			   <entry key="regie" value="director"/>
               <entry key="acteurs" value="actor"/>
               <entry key="presentatie" value="presenter"/>
               <entry key="scenario" value="writer"/>
			</map>
		</property>
		<property name="transport" ref="httpTransport"/>
		
		<property name="ratingMapper" ref="kijkwijzerMapper"/>
		
	</bean>

	<bean id="xmltvGrabber" class="org.anuta.xmltv.XMLTVGrabber">
		<property name="daysToGrab" value="7"/>
		<property name="channels">
			<list>
				<bean class="org.anuta.xmltv.beans.Channel">
					<property name="channelId" value="1" />
					<property name="channelName" value="Nederland 1" />
					<property name="grabber" ref="tvgids" />
				</bean>
				<bean class="org.anuta.xmltv.beans.Channel">
					<property name="channelId" value="46" />
					<property name="channelName" value="RTL 7" />
					<property name="grabber" ref="tvgids" />
				</bean>
				<bean class="org.anuta.xmltv.beans.Channel">
					<property name="channelId" value="36" />
					<property name="channelName" value="SBS 6" />
					<property name="grabber" ref="tvgids" />
				</bean>
				<bean class="org.anuta.xmltv.beans.Channel">
					<property name="channelId" value="37" />
					<property name="channelName" value="NET 5" />
					<property name="grabber" ref="tvgids" />
				</bean>				
				<bean class="org.anuta.xmltv.beans.Channel">
					<property name="channelId" value="2" />
					<property name="channelName" value="Nederland 2" />
					<property name="grabber" ref="tvgids" />
				</bean>
				<bean class="org.anuta.xmltv.beans.Channel">
					<property name="channelId" value="3" />
					<property name="channelName" value="Nederland 3" />
					<property name="grabber" ref="tvgids" />
				</bean>
				<bean class="org.anuta.xmltv.beans.Channel">
					<property name="channelId" value="4" />
					<property name="channelName" value="RTL 4" />
					<property name="grabber" ref="tvgids" />
				</bean>
				<bean class="org.anuta.xmltv.beans.Channel">
					<property name="channelId" value="31" />
					<property name="channelName" value="RTL 5" />
					<property name="grabber" ref="tvgids" />
				</bean>
				<bean class="org.anuta.xmltv.beans.Channel">
					<property name="channelId" value="89" />
					<property name="channelName" value="Nickelodeon" />
					<property name="grabber" ref="tvgids" />
				</bean>
				<bean class="org.anuta.xmltv.beans.Channel">
					<property name="channelId" value="92" />
					<property name="channelName" value="RTL 8" />
					<property name="grabber" ref="tvgids" />
				</bean>
				<bean class="org.anuta.xmltv.beans.Channel">
					<property name="channelId" value="34" />
					<property name="channelName" value="Veronica" />
					<property name="grabber" ref="tvgids" />
				</bean>
				<bean class="org.anuta.xmltv.beans.Channel">
					<property name="channelId" value="5" />
					<property name="channelName" value="E&amp;eacute;n" />
					<property name="grabber" ref="tvgids" />
				</bean>
				<bean class="org.anuta.xmltv.beans.Channel">
					<property name="channelId" value="6" />
					<property name="channelName" value="KETNET/Canvas" />
					<property name="grabber" ref="tvgids" />
				</bean>
				<bean class="org.anuta.xmltv.beans.Channel">
					<property name="channelId" value="35" />
					<property name="channelName" value="TMF" />
					<property name="grabber" ref="tvgids" />
				</bean>
				<bean class="org.anuta.xmltv.beans.Channel">
					<property name="channelId" value="25" />
					<property name="channelName" value="MTV" />
					<property name="grabber" ref="tvgids" />
				</bean>
				<bean class="org.anuta.xmltv.beans.Channel">
					<property name="channelId" value="29" />
					<property name="channelName" value="Discovery Channel" />
					<property name="grabber" ref="tvgids" />
				</bean>
				<bean class="org.anuta.xmltv.beans.Channel">
					<property name="channelId" value="18" />
					<property name="channelName" value="National Geographic" />
					<property name="grabber" ref="tvgids" />
				</bean>
				<bean class="org.anuta.xmltv.beans.Channel">
					<property name="channelId" value="93" />
					<property name="channelName" value="13TH STREET" />
					<property name="grabber" ref="tvgids" />
				</bean>
				<bean class="org.anuta.xmltv.beans.Channel">
					<property name="channelId" value="59" />
					<property name="channelName" value="2BE" />
					<property name="grabber" ref="tvgids" />
				</bean>
				<bean class="org.anuta.xmltv.beans.Channel">
					<property name="channelId" value="50" />
					<property name="channelName" value="3Sat" />
					<property name="grabber" ref="tvgids" />
				</bean>
				<bean class="org.anuta.xmltv.beans.Channel">
					<property name="channelId" value="83" />
					<property name="channelName" value="3voor12" />
					<property name="grabber" ref="tvgids" />
				</bean>
				<bean class="org.anuta.xmltv.beans.Channel">
					<property name="channelId" value="65" />
					<property name="channelName" value="Animal Planet" />
					<property name="grabber" ref="tvgids" />
				</bean>
				<bean class="org.anuta.xmltv.beans.Channel">
					<property name="channelId" value="9" />
					<property name="channelName" value="ARD" />
					<property name="grabber" ref="tvgids" />
				</bean>
				<bean class="org.anuta.xmltv.beans.Channel">
					<property name="channelId" value="38" />
					<property name="channelName" value="ARTE" />
					<property name="grabber" ref="tvgids" />
				</bean>
				<bean class="org.anuta.xmltv.beans.Channel">
					<property name="channelId" value="40" />
					<property name="channelName" value="AT 5" />
					<property name="grabber" ref="tvgids" />
				</bean>
				<bean class="org.anuta.xmltv.beans.Channel">
					<property name="channelId" value="7" />
					<property name="channelName" value="BBC 1" />
					<property name="grabber" ref="tvgids" />
					<property name="language" value="en"/>
				</bean>
				<bean class="org.anuta.xmltv.beans.Channel">
					<property name="channelId" value="8" />
					<property name="channelName" value="BBC 2" />
					<property name="grabber" ref="tvgids" />
					<property name="language" value="en"/>					
				</bean>
				<bean class="org.anuta.xmltv.beans.Channel">
					<property name="channelId" value="104" />
					<property name="channelName" value="BBC Prime" />
					<property name="grabber" ref="tvgids" />
					<property name="language" value="en"/>					
				</bean>
				<bean class="org.anuta.xmltv.beans.Channel">
					<property name="channelId" value="86" />
					<property name="channelName" value="BBC World" />
					<property name="grabber" ref="tvgids" />
					<property name="language" value="en"/>					
				</bean>
				<bean class="org.anuta.xmltv.beans.Channel">
					<property name="channelId" value="90" />
					<property name="channelName" value="BVN" />
					<property name="grabber" ref="tvgids" />
				</bean>
				<bean class="org.anuta.xmltv.beans.Channel">
					<property name="channelId" value="21" />
					<property name="channelName"
						value="Cartoon Network" />
					<property name="grabber" ref="tvgids" />
				</bean>
				<bean class="org.anuta.xmltv.beans.Channel">
					<property name="channelId" value="26" />
					<property name="channelName" value="CNN" />
					<property name="grabber" ref="tvgids" />
					<property name="language" value="en"/>					
				</bean>
				<bean class="org.anuta.xmltv.beans.Channel">
					<property name="channelId" value="91" />
					<property name="channelName" value="Comedy Central" />
					<property name="grabber" ref="tvgids" />
				</bean>
				<bean class="org.anuta.xmltv.beans.Channel">
					<property name="channelId" value="67" />
					<property name="channelName" value="ConsumentenTV" />
					<property name="grabber" ref="tvgids" />
				</bean>
				<bean class="org.anuta.xmltv.beans.Channel">
					<property name="channelId" value="70" />
					<property name="channelName" value="Cultura" />
					<property name="grabber" ref="tvgids" />
				</bean>
				<bean class="org.anuta.xmltv.beans.Channel">
					<property name="channelId" value="148" />
					<property name="channelName" value="Eredivisie Live" />
					<property name="grabber" ref="tvgids" />
				</bean>
				<bean class="org.anuta.xmltv.beans.Channel">
					<property name="channelId" value="19" />
					<property name="channelName" value="Eurosport" />
					<property name="grabber" ref="tvgids" />
				</bean>
				<bean class="org.anuta.xmltv.beans.Channel">
					<property name="channelId" value="24" />
					<property name="channelName" value="Film1.1" />
					<property name="grabber" ref="tvgids" />
				</bean>
				<bean class="org.anuta.xmltv.beans.Channel">
					<property name="channelId" value="39" />
					<property name="channelName" value="Film1.2" />
					<property name="grabber" ref="tvgids" />
				</bean>
				<bean class="org.anuta.xmltv.beans.Channel">
					<property name="channelId" value="107" />
					<property name="channelName" value="Film1.3" />
					<property name="grabber" ref="tvgids" />
				</bean>
				<bean class="org.anuta.xmltv.beans.Channel">
					<property name="channelId" value="82" />
					<property name="channelName" value="Geschiedenis" />
					<property name="grabber" ref="tvgids" />
				</bean>
				<bean class="org.anuta.xmltv.beans.Channel">
					<property name="channelId" value="84" />
					<property name="channelName" value="Het Gesprek" />
					<property name="grabber" ref="tvgids" />
				</bean>
				<bean class="org.anuta.xmltv.beans.Channel">
					<property name="channelId" value="81" />
					<property name="channelName" value="Holland Doc" />
					<property name="grabber" ref="tvgids" />
				</bean>
				<bean class="org.anuta.xmltv.beans.Channel">
					<property name="channelId" value="66" />
					<property name="channelName" value="HumorTV" />
					<property name="grabber" ref="tvgids" />
				</bean>
				<bean class="org.anuta.xmltv.beans.Channel">
					<property name="channelId" value="115" />
					<property name="channelName" value="L1 TV" />
					<property name="grabber" ref="tvgids" />
				</bean>
				<bean class="org.anuta.xmltv.beans.Channel">
					<property name="channelId" value="73" />
					<property name="channelName" value="Mezzo" />
					<property name="grabber" ref="tvgids" />
				</bean>
				<bean class="org.anuta.xmltv.beans.Channel">
					<property name="channelId" value="33" />
					<property name="channelName" value="NCRV Geloven" />
					<property name="grabber" ref="tvgids" />
				</bean>
				<bean class="org.anuta.xmltv.beans.Channel">
					<property name="channelId" value="13" />
					<property name="channelName" value="NDR Fernsehen" />
					<property name="grabber" ref="tvgids" />
				</bean>
				<bean class="org.anuta.xmltv.beans.Channel">
					<property name="channelId" value="114" />
					<property name="channelName"
						value="OMROEP BRABANT TV" />
					<property name="grabber" ref="tvgids" />
				</bean>
				<bean class="org.anuta.xmltv.beans.Channel">
					<property name="channelId" value="116" />
					<property name="channelName" value="OMROEP ZEELAND" />
					<property name="grabber" ref="tvgids" />
				</bean>
				<bean class="org.anuta.xmltv.beans.Channel">
					<property name="channelId" value="109" />
					<property name="channelName" value="OMROP FRYSLAN" />
					<property name="grabber" ref="tvgids" />
				</bean>
				<bean class="org.anuta.xmltv.beans.Channel">
					<property name="channelId" value="64" />
					<property name="channelName" value="Opvoeden" />
					<property name="grabber" ref="tvgids" />
				</bean>
				<bean class="org.anuta.xmltv.beans.Channel">
					<property name="channelId" value="105" />
					<property name="channelName" value="Private Spice" />
					<property name="grabber" ref="tvgids" />
				</bean>
				<bean class="org.anuta.xmltv.beans.Channel">
					<property name="channelId" value="58" />
					<property name="channelName" value="PRO 7" />
					<property name="grabber" ref="tvgids" />
				</bean>
				<bean class="org.anuta.xmltv.beans.Channel">
					<property name="channelId" value="27" />
					<property name="channelName" value="Rai Uno" />
					<property name="grabber" ref="tvgids" />
					<property name="language" value="it"/>
				</bean>
				<bean class="org.anuta.xmltv.beans.Channel">
					<property name="channelId" value="100" />
					<property name="channelName" value="REGIO TV UTRECHT" />
					<property name="grabber" ref="tvgids" />
				</bean>
				<bean class="org.anuta.xmltv.beans.Channel">
					<property name="channelId" value="15" />
					<property name="channelName" value="RTBF La 1" />
					<property name="grabber" ref="tvgids" />
				</bean>
				<bean class="org.anuta.xmltv.beans.Channel">
					<property name="channelId" value="16" />
					<property name="channelName" value="RTBF La 2" />
					<property name="grabber" ref="tvgids" />
				</bean>
				<bean class="org.anuta.xmltv.beans.Channel">
					<property name="channelId" value="11" />
					<property name="channelName" value="RTL" />
					<property name="grabber" ref="tvgids" />
				</bean>
				<bean class="org.anuta.xmltv.beans.Channel">
					<property name="channelId" value="28" />
					<property name="channelName" value="Sat 1" />
					<property name="grabber" ref="tvgids" />
				</bean>
				<bean class="org.anuta.xmltv.beans.Channel">
					<property name="channelId" value="94" />
					<property name="channelName" value="SCI FI CHANNEL" />
					<property name="grabber" ref="tvgids" />
				</bean>
				<bean class="org.anuta.xmltv.beans.Channel">
					<property name="channelId" value="99" />
					<property name="channelName" value="Sport1" />
					<property name="grabber" ref="tvgids" />
				</bean>
				<bean class="org.anuta.xmltv.beans.Channel">
					<property name="channelId" value="69" />
					<property name="channelName" value="Sterren.nl" />
					<property name="grabber" ref="tvgids" />
				</bean>
				<bean class="org.anuta.xmltv.beans.Channel">
					<property name="channelId" value="14" />
					<property name="channelName" value="Sudwest Fernsehen" />
					<property name="grabber" ref="tvgids" />
				</bean>
				<bean class="org.anuta.xmltv.beans.Channel">
					<property name="channelId" value="20" />
					<property name="channelName" value="TCM" />
					<property name="grabber" ref="tvgids" />
				</bean>
				<bean class="org.anuta.xmltv.beans.Channel">
					<property name="channelId" value="32" />
					<property name="channelName" value="TRT int." />
					<property name="grabber" ref="tvgids" />
				</bean>
				<bean class="org.anuta.xmltv.beans.Channel">
					<property name="channelId" value="17" />
					<property name="channelName" value="TV 5" />
					<property name="grabber" ref="tvgids" />
				</bean>
				<bean class="org.anuta.xmltv.beans.Channel">
					<property name="channelId" value="110" />
					<property name="channelName" value="TV DRENTHE" />
					<property name="grabber" ref="tvgids" />
				</bean>
				<bean class="org.anuta.xmltv.beans.Channel">
					<property name="channelId" value="87" />
					<property name="channelName" value="TV E" />
					<property name="grabber" ref="tvgids" />
				</bean>
				<bean class="org.anuta.xmltv.beans.Channel">
					<property name="channelId" value="113" />
					<property name="channelName" value="TV FLEVOLAND" />
					<property name="grabber" ref="tvgids" />
				</bean>
				<bean class="org.anuta.xmltv.beans.Channel">
					<property name="channelId" value="112" />
					<property name="channelName" value="TV GELDERLAND" />
					<property name="grabber" ref="tvgids" />
				</bean>
				<bean class="org.anuta.xmltv.beans.Channel">
					<property name="channelId" value="108" />
					<property name="channelName" value="TV NOORD" />
					<property name="grabber" ref="tvgids" />
				</bean>
				<bean class="org.anuta.xmltv.beans.Channel">
					<property name="channelId" value="103" />
					<property name="channelName"
						value="TV NOORD-HOLLAND" />
					<property name="grabber" ref="tvgids" />
				</bean>
				<bean class="org.anuta.xmltv.beans.Channel">
					<property name="channelId" value="111" />
					<property name="channelName" value="TV OOST" />
					<property name="grabber" ref="tvgids" />
				</bean>
				<bean class="org.anuta.xmltv.beans.Channel">
					<property name="channelId" value="102" />
					<property name="channelName" value="TV RIJNMOND" />
					<property name="grabber" ref="tvgids" />
				</bean>
				<bean class="org.anuta.xmltv.beans.Channel">
					<property name="channelId" value="101" />
					<property name="channelName" value="TV WEST" />
					<property name="grabber" ref="tvgids" />
				</bean>
				<bean class="org.anuta.xmltv.beans.Channel">
					<property name="channelId" value="60" />
					<property name="channelName" value="VT4" />
					<property name="grabber" ref="tvgids" />
				</bean>
				<bean class="org.anuta.xmltv.beans.Channel">
					<property name="channelId" value="49" />
					<property name="channelName" value="VTM" />
					<property name="grabber" ref="tvgids" />
				</bean>
				<bean class="org.anuta.xmltv.beans.Channel">
					<property name="channelId" value="12" />
					<property name="channelName" value="WDR Fernsehen" />
					<property name="grabber" ref="tvgids" />
					<property name="language" value="de"/>
				</bean>
				<bean class="org.anuta.xmltv.beans.Channel">
					<property name="channelId" value="10" />
					<property name="channelName" value="ZDF" />
					<property name="grabber" ref="tvgids" />
					<property name="language" value="de"/>					
				</bean>
			</list>
		</property>
		<property name="cache">
			<bean class="org.anuta.xmltv.cache.FileSystemCache">
				<property name="folder" value="/Users/fedor/workspaces/xmltv/JavaXmlTvCore/cache"/>
			</bean>
		</property>
		<property name="export" ref="fileSystemExport"/>
	</bean>
	
	<bean id="kijkwijzerMapper" class="org.anuta.xmltv.beans.RatingMapper">
		<property name="system" value="KW"/>
		<property name="mapping">
			<map>
			    <entry key="Afgeraden voor kinderen jonger dan 6 jaar" value="6+"/>
				<entry key="Afgeraden voor kinderen jonger dan 12 jaar" value="12+"/>
				<entry key="Niet voor personen tot 16 jaar" value="16+"/>
			</map>
		</property>
	</bean>

    <bean id="httpTransport" class="org.anuta.xmltv.transport.HTTPTransport">
    	<!--property name="proxyAddress" value="proxy.intranet.allshare.nl"/-->
    	<property name="proxyPort" value="3128"/>
    	<property name="encoding" value="ISO8859_1"/> <!--  to be sure -->
    </bean>

    <bean id="consoleExport" class="org.anuta.xmltv.export.ConsoleExport"/>
    
    <bean id="fileSystemExport" class="org.anuta.xmltv.export.FileSystemExport">
    	<property name="fileName" value="out.xml"/>
    </bean>
</beans>